word,count
engineering,69
material,61
heat,49
transfer,42
water,42
energy,41
science,38
application,37
mechanical,36
oxygen,35
analysis,34
oxide,33
solid,33
nanofluid,33
experimental,32
system,31
technology,30
design,29
model,26
control,26
electrochemical,25
cell,24
thermal,24
tissue,22
flow,22
method,21
electrode,20
composite,20
surface,20
cartilage,20
implant,20
insert,19
engineer,18
heater,18
scaffold,18
hydrogen,17
alloy,17
reaction,17
manufacturing,17
congresso,17
friction,17
mass,17
development,16
state,16
ceramic,15
simulation,15
factor,15
tube,15
membrane,14
sustainable,14
heterogeneous,14
synthesis,13
titanium,13
ionic,13
assessment,13
evolution,13
hybrid,13
medical,13
battery,12
solar,12
device,12
process,12
society,12
performance,12
plate,12
predictive,12
identification,12
generation,11
catalyst,11
storage,11
optimization,11
power,11
transport,11
field,11
tankless,11
machine,11
biomecânica,11
nanodiamond,11
bone,11
behavior,10
conductivity,10
anisotropic,10
structural,10
nanocomposite,10
communication,10
numerical,10
metal,10
finite,10
element,10
prosthesis,10
estudo,10
dope,9
thin,9
film,9
electrical,9
chemistry,9
cobaltite,9
nickel,9
carbon,9
virtual,9
test,9
engenharia,9
joint,9
biomechanic,9
congress,9
efficiency,9
flat,9
collector,9
constitutive,9
inverse,9
fuel,8
desenvolvimento,8
ceria,8
processing,8
sensor,8
magnetic,8
fabrication,8
evaluation,8
computer,8
multi,8
mechanic,8
advanced,8
modelling,8
tape,8
supply,8
interface,8
temperature,7
structure,7
patent,7
sulfate,7
thereof,7
aveiro,7
type,7
green,7
like,7
physics,7
automatic,7
techma,7
wellbeing,7
vitro,7
chondrocyte,7
biomaterial,7
institution,7
biomedical,7
twisted,7
sheet,7
novel,6
reduction,6
graphene,6
magnesium,6
rechargeable,6
measurement,6
sulfide,6
barium,6
portuguese,6
electronic,6
nanomaterial,6
source,6
electrospinne,6
hardware,6
loop,6
improve,6
information,6
electrospun,6
total,6
artificial,6
diamond,6
pump,6
longitudinal,6
strip,6
effectiveness,6
exchanger,6
validation,6
parameter,6
surgery,6
ammonia,5
nitride,5
proton,5
conductor,5
mecânica,5
phase,5
sofc,5
ferrite,5
electrolyte,5
situ,5
melt,5
cathode,5
additive,5
aliaksandr,5
shaula,5
yang,5
sergey,5
mikhalev,5
duncan,5
fagg,5
zirconate,5
calcium,5
comparison,5
acta,5
characterization,5
enhance,5
obtain,5
mechanism,5
catalysis,5
glass,5
steel,5
fiber,5
defect,5
smart,5
embed,5
environment,5
experiment,5
book,5
fluid,5
articular,5
neural,5
nanotube,5
stimulation,5
medicine,5
sociedade,5
portuguesa,5
advance,5
thermosyphon,5
nanofluids,5
femoral,5
double,5
pipe,5
bend,5
calibration,5
viscosity,5
renewable,5
training,5
functional,5
machinability,5
formation,4
sistemas,4
tecnologia,4
synthetic,4
microstructural,4
catalytic,4
project,4
bace,4
support,4
component,4
paul,4
provisional,4
sinter,4
praseodymium,4
mixed,4
sputter,4
lanthanum,4
brownmillerite,4
datum,4
stability,4
pellet,4
addition,4
electrochimica,4
letter,4
electrochemistry,4
transaction,4
multifunctional,4
preparation,4
reduce,4
misfit,4
electrocatalyst,4
nanoparticle,4
progress,4
aspect,4
scheduling,4
time,4
universidade,4
ifac,4
volume,4
localization,4
leak,4
testing,4
detection,4
quality,4
biomimetic,4
laden,4
alignment,4
polycaprolactone,4
strain,4
replacement,4
intelligence,4
trend,4
investigation,4
monitor,4
computacional,4
cost,4
elastoplastic,4
form,4
femu,4
topology,4
reconstruction,4
machining,4
electric,4
implante,4
concept,4
ligament,4
anterior,4
capacitive,4
fracture,4
fixação,4
osso,4
intelligent,3
boundary,3
feature,3
lithium,3
hydride,3
active,3
lead,3
behaviour,3
anode,3
short,3
unit,3
strontium,3
comparative,3
permeability,3
conducting,3
result,3
protective,3
plant,3
thermomechanical,3
architecture,3
size,3
number,3
combine,3
vacuum,3
aplicações,3
entropy,3
optimize,3
ciência,3
nanofiber,3
produce,3
understand,3
dimensional,3
network,3
husk,3
activity,3
current,3
cobalt,3
series,3
pathway,3
proteic,3
chemical,3
ceramics,3
compound,3
code,3
domestic,3
different,3
controlo,3
hydraulic,3
manipulator,3
computational,3
infrared,3
thermography,3
industrial,3
zonal,3
reinforce,3
arthroplasty,3
nanofibrous,3
matrix,3
stimulus,3
porous,3
fibre,3
electrospraye,3
arcade,3
forming,3
gelatin,3
automation,3
robotic,3
industry,3
micro,3
medium,3
wire,3
coil,3
environmental,3
helical,3
enhancement,3
wind,3
geomorphology,3
orthopaedic,3
technique,3
chapas,3
learning,3
drive,3
indirect,3
implicit,3
operational,3
speciman,3
cone,3
quantitative,3
harvesting,3
instrumented,3
biomechanical,3
vivo,3
density,3
artroplastia,3
cimentada,3
estimulação,3
predict,3
temporomandibular,3
transferência,3
carga,3
articulação,3
shoulder,3
modelo,3
associate,2
laboratory,2
inteligente,2
intermediate,2
centro,2
automação,2
ratio,2
transformation,2
compositional,2
nano,2
perovskite,2
relate,2
projecto,2
estratégico,2
strategic,2
camada,2
energia,2
production,2
effective,2
conversion,2
grain,2
phosphate,2
mxene,2
incorporate,2
titania,2
antimony,2
metallic,2
influence,2
focus,2
steam,2
recovery,2
redox,2
fluorite,2
microstructure,2
silicate,2
lattice,2
depth,2
dynamic,2
synthesize,2
magnetron,2
multilayer,2
turbine,2
operation,2
deposit,2
role,2
nonstoichiometry,2
expansion,2
omee,2
coating,2
otimização,2
biomethane,2
electrolyser,2
reforming,2
programa,2
cape,2
step,2
mnco,2
derive,2
cuco,2
electrocatalytic,2
blow,2
spin,2
mullite,2
mwcnt,2
chitosan,2
grow,2
foam,2
psyllium,2
brief,2
recent,2
faradaic,2
modification,2
overview,2
nitrous,2
coffee,2
potential,2
boost,2
reversible,2
polarisation,2
physical,2
route,2
mollusk,2
shell,2
prepare,2
liquid,2
comprehensive,2
hollow,2
australian,2
meeting,2
comfort,2
gain,2
bench,2
instantaneous,2
heating,2
integração,2
produção,2
real,2
platform,2
build,2
portugal,2
tema,2
mobilize,2
papersonline,2
clme,2
luso,2
moçambicano,2
icem,2
moçambique,2
problem,2
vision,2
learn,2
combustion,2
automate,2
specific,2
porosity,2
extracellular,2
align,2
stem,2
differentiation,2
regeneration,2
fibrous,2
cellular,2
bioactivity,2
repair,2
bioactive,2
mimic,2
nature,2
contact,2
ifsa,2
winter,2
regenerative,2
materiais,2
departamento,2
world,2
biomechanics,2
plain,2
hydrodynamic,2
channel,2
methodology,2
building,2
large,2
eddy,2
single,2
exergy,2
concentration,2
irwin,2
probe,2
augmentation,2
prandtl,2
laminar,2
economic,2
impact,2
core,2
knee,2
prediction,2
erosion,2
turbulent,2
return,2
criterion,2
modify,2
modeling,2
issue,2
aerodynamic,2
waerme,2
stoffuebertragung,2
related,2
surgical,2
tool,2
second,2
edition,2
strength,2
conformação,2
metálicas,2
previsão,2
aços,2
prémio,2
monitorização,2
treatment,2
multiscale,2
inform,2
harden,2
fully,2
constraint,2
selection,2
summit,2
stress,2
doctoral,2
immersive,2
week,2
image,2
specimen,2
plastic,2
displacement,2
yield,2
function,2
swift,2
plasticity,2
scientific,2
management,2
sciences,2
editora,2
famasi,2
fabrico,2
electron,2
beam,2
conventional,2
drilling,2
milling,2
correlative,2
microscopy,2
topography,2
generator,2
polyamide,2
precision,2
brazilian,2
manufacture,2
arabian,2
filigree,2
óssea,2
reinforcement,2
biodegradable,2
mandibular,2
prótese,2
anca,2
orthodontic,2
force,2
numérico,2
cruciate,2
scale,2
bioelectronic,2
meniscal,2
fixation,2
dental,2
preliminary,2
conceito,2
fratura,2
sense,2
deliver,2
wear,2
ligamento,2
cruzado,2
joelho,2
loosening,2
influência,2
cimento,2
oral,2
maxillofacial,2
ortopedia,2
traumatologia,2
program,2
biomedicine,2
ieee,2
affordable,1
automotive,1
exhaust,1
laboratório,1
associado,1
anhydrous,1
work,1
range,1
upgrade,1
biogas,1
texture,1
oriel,1
filmes,1
finos,1
silicato,1
lantânio,1
orientação,1
preferencial,1
electrólito,1
estrutura,1
condutividade,1
mista,1
iónica,1
electrónica,1
aplicação,1
fontes,1
alternativas,1
interstitial,1
separation,1
hydrocarbon,1
investigate,1
boron,1
photocatalytic,1
removal,1
benzene,1
irradiation,1
elucidate,1
evidence,1
consequence,1
specie,1
generate,1
zirconia,1
anatase,1
host,1
perchlorate,1
ethylmagnesium,1
bromide,1
saturation,1
circuit,1
symmetric,1
united,1
states,1
chemically,1
transform,1
mgtio,1
searchpotential,1
found,1
establish,1
creative,1
park,1
business,1
incubator,1
present,1
effort,1
commercialization,1
phoenix,1
informatic,1
area,1
srfe,1
bias,1
polarization,1
electrolysis,1
cycling,1
yttrium,1
exsolution,1
densifie,1
silver,1
cermet,1
reactively,1
apatite,1
molecular,1
select,1
sputtering,1
subsequent,1
anneal,1
permeation,1
asymmetric,1
capture,1
level,1
individual,1
degradation,1
sofcs,1
adjusted,1
bulk,1
draft,1
slight,1
morphological,1
limitation,1
interfacial,1
potentiometric,1
thickness,1
ssbauer,1
spectra,1
cation,1
aids,1
srco,1
sral,1
chemphyschem,1
russian,1
phenomena,1
piero,1
lunghi,1
catalisadore,1
células,1
combustível,1
membranas,1
cerâmicas,1
condutoras,1
próton,1
operando,1
biometano,1
óxido,1
multimetálicos,1
armazenamento,1
conversão,1
oxidative,1
dehydrogenation,1
ethylene,1
conduct,1
verão,1
proex,1
alkaline,1
oxidation,1
bifunctional,1
electrocatalysis,1
supercapacitor,1
rock,1
salt,1
hsbs,1
layered,1
protonic,1
kinetic,1
nickelate,1
ruddlesden,1
popper,1
infiltration,1
fundamental,1
introduction,1
vector,1
kaolin,1
waste,1
cautionary,1
note,1
inadvertent,1
split,1
plot,1
consideration,1
epoxy,1
group,1
conductive,1
incorporation,1
effectively,1
nanocomposites,1
copper,1
niobium,1
reactor,1
pcmrs,1
plantago,1
ovata,1
nanocatalyst,1
hydrothermal,1
optimisation,1
challenge,1
promotion,1
iron,1
obtenção,1
óxidos,1
metais,1
transição,1
proteico,1
usando,1
agente,1
quelante,1
sealant,1
ambipolar,1
parallel,1
methane,1
create,1
exchange,1
interlayer,1
cordierite,1
promising,1
lscf,1
free,1
piezoelectric,1
corrosion,1
duplex,1
stainless,1
period,1
simplex,1
centroid,1
densification,1
dominate,1
semiconductor,1
chemistryopen,1
dalton,1
elsevi,1
colloid,1
physicochemical,1
electroanalytical,1
communications,1
handbook,1
boletín,1
sociedad,1
espa,1
cerámica,1
vidrio,1
materials,1
home,1
arbox,1
unidade,1
emergência,1
médica,1
móvel,1
user,1
saving,1
controller,1
vary,1
delay,1
stabilization,1
implementation,1
fire,1
adaptive,1
monitoring,1
ctesp,1
oferta,1
formativa,1
warehouse,1
mangement,1
enable,1
mill,1
remoto,1
flexível,1
browser,1
versus,1
activex,1
server,1
infrastructure,1
remote,1
rent,1
factory,1
habilitar,1
troca,1
automática,1
ferramentas,1
encontro,1
teach,1
cultura,1
ambientes,1
aprendizagem,1
cybernetic,1
citsa,1
isas,1
sixth,1
jornadas,1
politécnicas,1
solve,1
practical,1
camera,1
visualize,1
sound,1
acoustic,1
product,1
leakage,1
painting,1
cover,1
deflectometry,1
yolov,1
hydrogel,1
detect,1
classify,1
paint,1
boiler,1
silicone,1
metacarpophalangeal,1
customizable,1
reproducible,1
response,1
cyclic,1
compression,1
decellularize,1
functionalize,1
polydopamine,1
customize,1
vertically,1
direct,1
deposition,1
joined,1
poly,1
caprolactone,1
blend,1
musculoskeletal,1
live,1
dead,1
answer,1
adipose,1
neuron,1
recreate,1
layer,1
polymeric,1
supplement,1
suspension,1
spongin,1
improved,1
osteoblast,1
bilayere,1
micropatterned,1
capillary,1
dependent,1
microfabrication,1
nanofibre,1
increase,1
pore,1
vertebral,1
lumbar,1
disc,1
electrospraying,1
proliferative,1
microporous,1
seeding,1
composition,1
relationship,1
diopside,1
tricalcium,1
hmsc,1
granada,1
spain,1
collaborative,1
horizons,1
share,1
discovery,1
clinical,1
healthcare,1
figueira,1
dmateriais,1
symposium,1
ciceco,1
jornada,1
biomaterials,1
macromolecular,1
bioscience,1
computation,1
webinar,1
biomaterialia,1
cerâmica,1
senergy,1
carboninspire,1
maxithermal,1
carboninspired,1
distribution,1
zeolite,1
spillover,1
boltzmann,1
refine,1
smoothed,1
particle,1
peak,1
pressure,1
estimate,1
rise,1
aeroelastic,1
torsional,1
vibration,1
axis,1
tracker,1
configuration,1
absorb,1
combination,1
revision,1
metaphyseal,1
sleeve,1
mandatory,1
point,1
view,1
emission,1
intermittency,1
deployment,1
parabolic,1
trough,1
concentrate,1
north,1
africa,1
libya,1
experimentally,1
minimization,1
uniformity,1
pack,1
cool,1
thermocline,1
tank,1
biocompatibility,1
biotoxicity,1
carboxylate,1
horizontal,1
inner,1
crosswalk,1
location,1
corridor,1
roundabout,1
noise,1
rectangular,1
duct,1
interaction,1
exergetic,1
life,1
cycle,1
concentrated,1
propylene,1
glycol,1
mixture,1
walled,1
nanotubes,1
heart,1
valve,1
nanfluid,1
supplementary,1
sinusoidal,1
pile,1
page,1
july,1
induce,1
stabilized,1
calorimetry,1
climate,1
transportation,1
procedia,1
fluids,1
asme,1
vform,1
xsteel,1
conceção,1
robusta,1
processos,1
reduzir,1
perdas,1
produtividade,1
modelação,1
simulação,1
numérica,1
dano,1
abordagem,1
acoplada,1
comportamento,1
anisotrópico,1
assimetria,1
tensão,1
compressão,1
formabilidade,1
rumo,1
projeto,1
virtuais,1
caracterização,1
termomecânica,1
alto,1
desempenho,1
medidas,1
campo,1
global,1
ensaio,1
único,1
noroeste,1
empreendedor,1
watch,1
ming,1
estampagem,1
alta,1
resistência,1
stamping,1
good,1
paper,1
award,1
jovem,1
investigador,1
prof,1
joão,1
martin,1
aplicada,1
esaform,1
prize,1
metallurgical,1
multiphase,1
hierarchical,1
techniques,1
sphere,1
geometrically,1
complex,1
nanoindentation,1
efficient,1
differential,1
applied,1
rnns,1
mesh,1
dependency,1
dataset,1
framework,1
recurrent,1
indicator,1
recommendation,1
search,1
balanced,1
curriculum,1
perspective,1
teacher,1
alumnus,1
employer,1
differentiate,1
price,1
interior,1
notch,1
wood,1
elastic,1
constrain,1
compliant,1
reform,1
coupling,1
consistency,1
anns,1
arcan,1
instrumentation,1
mould,1
acquisition,1
injection,1
moulding,1
multilevel,1
elasto,1
stir,1
weld,1
blank,1
aluminum,1
richness,1
anisotropy,1
error,1
estimation,1
rich,1
tensile,1
nonlinear,1
linear,1
trabalhos,1
identifiability,1
mitigate,1
uniqueness,1
innovative,1
indirectly,1
train,1
need,1
database,1
geometric,1
nonlinearitie,1
omega,1
resource,1
planning,1
hydroinformatic,1
ssrn,1
integrity,1
multidisciplinary,1
cispee,1
iciemc,1
airc,1
software,1
cimne,1
civil,1
maquinagem,1
sustentável,1
poci,1
feder,1
compatible,1
universal,1
perform,1
hole,1
erichsen,1
cupping,1
comparasion,1
qualitative,1
concern,1
turn,1
turning,1
construção,1
equipamento,1
ensaios,1
corte,1
metálica,1
biodevice,1
publindustria,1
pattern,1
jewellery,1
mulbioimplant,1
multifuncional,1
bioinspirado,1
melhorar,1
implantable,1
bioinspire,1
integration,1
movehand,1
mini,1
invasive,1
radiocarpal,1
endoprosthesis,1
silicon,1
coat,1
nanocrystalline,1
hipcerdiam,1
temporo,1
physiologic,1
biorstimul,1
construction,1
bioreactor,1
biochemical,1
caracterization,1
forest,1
shrub,1
biomass,1
proforshrub,1
electrorheologic,1
contain,1
damp,1
propafe,1
patello,1
componente,1
aquisição,1
descolamento,1
tooth,1
movement,1
appliance,1
wall,1
polyethylene,1
uhmwpe,1
insight,1
bicycle,1
millimetre,1
biosensing,1
biophysical,1
emerge,1
nice,1
knot,1
compare,1
cinch,1
stitch,1
root,1
tibia,1
tunnel,1
inclination,1
matter,1
biofiligree,1
cubital,1
motorcycle,1
frame,1
generative,1
polymer,1
prototype,1
proximal,1
parametric,1
fuse,1
filament,1
tolerancing,1
binder,1
calcaneal,1
osteosynthesis,1
biofiligrana,1
placa,1
cúbito,1
técnica,1
ajustável,1
reparação,1
raiz,1
preliminar,1
calcâneo,1
placas,1
protótipo,1
sensorização,1
ósseo,1
comparativo,1
elétrica,1
estruturas,1
suporte,1
customizado,1
baseado,1
hemicap,1
lesão,1
osteocondral,1
tornozelo,1
passive,1
orthosis,1
explainable,1
consumption,1
term,1
anatomical,1
sensing,1
controllability,1
intact,1
condyle,1
orthognathic,1
optically,1
instrument,1
insole,1
gait,1
plantar,1
shear,1
expandable,1
osteochondral,1
lesion,1
ankle,1
position,1
optic,1
bragg,1
grate,1
healing,1
densidade,1
trabecular,1
planar,1
stimulate,1
trabeular,1
thecemente,1
desgaste,1
revisão,1
narrativa,1
slide,1
prosthese,1
compósito,1
tecido,1
reconstrução,1
variações,1
estímulos,1
elétricos,1
aplicados,1
capacitivos,1
planare,1
híbrido,1
indutivo,1
capacitivo,1
operaçõe,1
instrumentado,1
traditional,1
chairside,1
interim,1
cantilever,1
diagnostic,1
absenteeism,1
cork,1
alter,1
course,1
loosen,1
endoprosthetic,1
royal,1
sport,1
traumatology,1
arthroscopy,1
esska,1
digital,1
stomatology,1
biology,1
tribology,1
iceer,1
imaging,1
access,1
british,1
report,1
congressonacional,1
cnme,1
societyof,1
cesb,1
revsalus,1
revista,1
científica,1
rede,1
académica,1
ciências,1
saúde,1
lusofonia,1
open,1
orthopedic,1
rheumatology,1
prosthetic,1
dentistry,1
occupational,1
safety,1
health,1
switzerland,1
